N,semente,metodo,custo,lb,gap_pct,provado,tempo,iters_fo
10,2036,heuristica,3014,,0.0,False,0.008,0
10,2036,exato,3014.0,3014.0,0.0,True,0.403,0
10,2036,warm_start,3014,3014.0,0.0,True,0.527,0
10,2036,hibrido_FO,3014,3014.0,0.0,True,48.595,96
20,2046,heuristica,4233,,0.0,False,0.06,0
20,2046,exato,4233.0,4233.0,0.0,True,2.791,0
20,2046,warm_start,4233,4233.0,0.0,True,4.85,0
20,2046,hibrido_FO,4233,4233.0,0.0,True,52.708,26
30,2056,heuristica,4764,,0.0,False,0.2,0
30,2056,exato,4764.0,4764.0,0.0,True,35.249,0
30,2056,warm_start,4764,4764.0,0.0,True,19.082,0
30,2056,hibrido_FO,4764,4764.0,0.0,True,58.976,32
40,2066,heuristica,5193,,0.0,False,0.342,0
40,2066,exato,5193.0,5193.0,0.0,True,60.007,0
40,2066,warm_start,5193,5193.0,0.0,True,17.041,0
40,2066,hibrido_FO,5193,5193.0,0.0,True,61.135,27
60,2086,heuristica,5863,,1.774,False,0.632,0
60,2086,exato,6549.0,5671.0,12.063,False,120.056,0
60,2086,warm_start,5863,5759.0,1.774,False,120.017,0
60,2086,hibrido_FO,5863,5718.0,1.774,False,120.026,36
80,2106,heuristica,6949,,6.936,False,1.618,0
80,2106,exato,9089.0,6414.0,28.848,False,120.059,0
80,2106,warm_start,6949,6467.0,6.936,False,120.061,0
80,2106,hibrido_FO,6906,6379.0,6.357,False,120.048,35
